,,,,,Instrument Type ,Instrument Name ,Symbol ,Ser/Exp ,Strike Price ,Option Type ,Scrip Name ,Buy Qty ,Buy Lot ,Buy Weight ,Buy Val ,Buy Avg. ,Sell Qty ,Sell Lot ,Sell Weight ,Sell Val ,Sell Avg. ,Net Qty ,Net Lot ,Net Weight ,Net Val  ,Net Price ,Market Price ,MTMV Pos  ,MTM G/L  ,,,DPR Range ,Maturity Date ,Yield ,Total Value ,Total Quantity ,Total Lot ,Total Weight ,Brokerage ,Net MTM ,,Option Flag ,VAR % ,VAR Amount ,SM Category ,CF Avg Price ,Actual MTM P&L ,Unsettled Quantity ,ISIN Code ,Spot Price
,,,,,Options ,OPTSTK ,ADANIENT ,31AUG2023 ,2650,CE ,ADANIENT23AUG2650CE ,600,2, ,65730,109.55,600,2, ,66600,111, , , ,870, ,0.1,0,870,,,0.05 - 47.50 , , ,132330,1200,4, ,NA ,870,,OTM , , , , , , , ,9001300
,,,,,Futures ,FUTIDX ,BANKNIFTY ,31AUG2023 , , ,BANKNIFTY23AUGFUT ,240,16, ,10615728,44232.2,240,16, ,10615728,44232.2, , , ,0, ,43998.95,0,0,,,39809.00 - 48655.45 , , ,21231456,480,32, ,NA ,0,,NA , , , , , , , ,44052.8
,,,,,Futures ,FUTIDX ,BANKNIFTY ,26OCT2023 , , ,BANKNIFTY23OCTFUT ,1155,77, ,51548526,44630.76,1095,73, ,48931816.5,44686.59,60,4, ,-2616709.5,43611.82,44620.35,2677221,60511.5,,,40271.65 - 49220.90 , , ,100480342.5,2250,150, ,NA ,60511.5,,NA , , , , , , , ,44052.8
,,,,,Futures ,FUTIDX ,BANKNIFTY ,28SEP2023 , , ,BANKNIFTY23SEPFUT ,1170,78, ,52058788.5,44494.69,795,53, ,35378613,44501.4,375,25, ,-16680175.5,44480.47,44350,16633012.5,-47163,,,40051.30 - 48951.55 , , ,87437401.5,1965,131, ,NA ,-47163,,NA , , , , , , , ,44052.8
,,,,,Options ,OPTIDX ,BANKNIFTY ,31AUG2023 ,42700,PE ,BANKNIFTY23AUG42700PE ,1950,130, ,36832.5,18.89,1950,130, ,54244.5,27.82, , , ,17412, ,1.25,0,17412,,,0.05 - 25.45 , , ,91077,3900,260, ,NA ,17412,,OTM , , , , , , , ,44052.8
,,,,,Options ,OPTIDX ,BANKNIFTY ,31AUG2023 ,44300,CE ,BANKNIFTY23AUG44300CE ,90,6, ,29434.5,327.05,90,6, ,31657.5,351.75, , , ,2223, ,7.8,0,2223,,,0.05 - 960.00 , , ,61092,180,12, ,NA ,2223,,OTM , , , , , , , ,44052.8
,,,,,Options ,OPTIDX ,BANKNIFTY ,07SEP2023 ,41000,PE ,BANKNIFTY2390741000PE ,1500,100, ,9386.25,6.26, , , , , ,1500,100, ,-9386.25,6.26,6.65,9825,438.75,,,0.05 - 53.90 , , ,9386.25,1500,100, ,NA ,438.75,,OTM , , , , , , , ,44052.8
,,,,,Options ,OPTIDX ,BANKNIFTY ,07SEP2023 ,45600,CE ,BANKNIFTY2390745600CE ,600,40, ,15960,26.6,960,64, ,26411.25,27.51,-360,-24, ,10451.25,29.03,17.1,-6012,4439.25,,,0.05 - 347.70 , , ,42371.25,1560,104, ,NA ,4439.25,,OTM , , , , , , , ,44052.8
,,,,,Options ,OPTIDX ,BANKNIFTY ,31AUG2023 ,44000,CE ,BANKNIFTY23AUG44000CE ,75,5, ,27225,363,75,5, ,74973.75,999.65, , , ,47748.75, ,63,0,47748.75,,,0.05 - 1593.60 , , ,102198.75,150,10, ,NA ,47748.75,,ITM , , , , , , , ,44052.8
,,,,,Options ,OPTIDX ,BANKNIFTY ,07SEP2023 ,42600,PE ,BANKNIFTY2390742600PE ,750,50, ,10762.5,14.35,750,50, ,16125,21.5, , , ,5362.5, ,21.85,0,5362.5,,,0.05 - 293.90 , , ,26887.5,1500,100, ,NA ,5362.5,,OTM , , , , , , , ,44052.8
,,,,,Options ,OPTIDX ,BANKNIFTY ,14SEP2023 ,46500,CE ,BANKNIFTY2391446500CE , , , , , ,450,30, ,9241.5,20.54,-450,-30, ,9241.5,20.54,17.25,-7762.5,1479,,,0.05 - 267.50 , , ,9241.5,450,30, ,NA ,1479,,OTM , , , , , , , ,44052.8
,,,,,Options ,OPTIDX ,BANKNIFTY ,07SEP2023 ,46500,CE ,BANKNIFTY2390746500CE ,450,30, ,4545,10.1, , , , , ,450,30, ,-4545,10.1,7.6,3375,-1170,,,0.05 - 114.50 , , ,4545,450,30, ,NA ,-1170,,OTM , , , , , , , ,44052.8
,,,,,Options ,OPTIDX ,BANKNIFTY ,31AUG2023 ,46500,CE ,BANKNIFTY23AUG46500CE ,1050,70, ,8122.5,7.74,1050,70, ,5880,5.6, , , ,-2242.5, ,0.7,0,-2242.5,,,0.05 - 6.20 , , ,14002.5,2100,140, ,NA ,-2242.5,,OTM , , , , , , , ,44052.8
,,,,,Options ,OPTIDX ,BANKNIFTY ,07SEP2023 ,45200,CE ,BANKNIFTY2390745200CE ,975,65, ,88699.5,90.97,1200,80, ,75215.25,62.68,-225,-15, ,-13484.25,59.93,30.85,-6806.25,-20290.5,,,0.05 - 530.50 , , ,163914.75,2175,145, ,NA ,-20290.5,,OTM , , , , , , , ,44052.8
,,,,,Options ,OPTIDX ,BANKNIFTY ,28SEP2023 ,46500,CE ,BANKNIFTY23SEP46500CE , , , , , ,150,10, ,7194,47.96,-150,-10, ,7194,47.96,53,-7927.5,-733.5,,,0.05 - 486.60 , , ,7194,150,10, ,NA ,-733.5,,OTM , , , , , , , ,44052.8
,,,,,Options ,OPTIDX ,BANKNIFTY ,31AUG2023 ,44600,PE ,BANKNIFTY23AUG44600PE ,525,35, ,198552.75,378.2,525,35, ,206356.5,393.06, , , ,7803.75, ,603.75,0,7803.75,,,0.05 - 2098.90 , , ,404909.25,1050,70, ,NA ,7803.75,,ITM , , , , , , , ,44052.8
,,,,,Options ,OPTIDX ,BANKNIFTY ,31AUG2023 ,41500,PE ,BANKNIFTY23AUG41500PE ,1650,110, ,13965,8.46,1650,110, ,4830,2.93, , , ,-9135, ,0.85,0,-9135,,,0.05 - 10.65 , , ,18795,3300,220, ,NA ,-9135,,OTM , , , , , , , ,44052.8
,,,,,Options ,OPTIDX ,BANKNIFTY ,07SEP2023 ,45700,CE ,BANKNIFTY2390745700CE ,1650,110, ,35790,21.69,3450,230, ,80627.25,23.37,-1800,-120, ,44837.25,24.91,14.9,-26010,18827.25,,,0.05 - 310.95 , , ,116417.25,5100,340, ,NA ,18827.25,,OTM , , , , , , , ,44052.8
,,,,,Options ,OPTIDX ,BANKNIFTY ,07SEP2023 ,44200,PE ,BANKNIFTY2390744200PE ,2100,140, ,431772,205.61,2100,140, ,542259.75,258.22, , , ,110487.75, ,296.3,0,110487.75,,,0.05 - 1379.30 , , ,974031.75,4200,280, ,NA ,110487.75,,ITM , , , , , , , ,44052.8
,,,,,Options ,OPTIDX ,BANKNIFTY ,31AUG2023 ,44300,PE ,BANKNIFTY23AUG44300PE ,960,64, ,210163.5,218.92,960,64, ,98052.75,102.14, , , ,-112110.75, ,306.75,0,-112110.75,,,0.05 - 1730.15 , , ,308216.25,1920,128, ,NA ,-112110.75,,ITM , , , , , , , ,44052.8
,,,,,Options ,OPTIDX ,BANKNIFTY ,07SEP2023 ,44200,CE ,BANKNIFTY2390744200CE ,90,6, ,32633.25,362.59,270,18, ,96171.75,356.19,-180,-12, ,63538.5,352.99,273.7,-49212,14326.5,,,0.05 - 1369.80 , , ,128805,360,24, ,NA ,14326.5,,OTM , , , , , , , ,44052.8
,,,,,Options ,OPTIDX ,BANKNIFTY ,31AUG2023 ,45900,CE ,BANKNIFTY23AUG45900CE ,2175,145, ,16548.75,7.61,2175,145, ,38583,17.74, , , ,22034.25, ,1.4,0,22034.25,,,0.05 - 6.95 , , ,55131.75,4350,290, ,NA ,22034.25,,OTM , , , , , , , ,44052.8
,,,,,Options ,OPTIDX ,BANKNIFTY ,31AUG2023 ,44000,PE ,BANKNIFTY23AUG44000PE ,4650,310, ,772480.5,166.12,4650,310, ,647136,139.17, , , ,-125344.5, ,61.1,0,-125344.5,,,0.05 - 1123.80 , , ,1419616.5,9300,620, ,NA ,-125344.5,,OTM , , , , , , , ,44052.8
,,,,,Options ,OPTIDX ,BANKNIFTY ,31AUG2023 ,45600,CE ,BANKNIFTY23AUG45600CE ,4350,290, ,32171.25,7.4,4350,290, ,108572.25,24.96, , , ,76401, ,1.35,0,76401,,,0.05 - 8.55 , , ,140743.5,8700,580, ,NA ,76401,,OTM , , , , , , , ,44052.8
,,,,,Options ,OPTIDX ,BANKNIFTY ,31AUG2023 ,43700,PE ,BANKNIFTY23AUG43700PE ,675,45, ,53969.25,79.95,675,45, ,32647.5,48.37, , , ,-21321.75, ,4.15,0,-21321.75,,,0.05 - 570.90 , , ,86616.75,1350,90, ,NA ,-21321.75,,OTM , , , , , , , ,44052.8
,,,,,Options ,OPTIDX ,BANKNIFTY ,07SEP2023 ,43900,PE ,BANKNIFTY2390743900PE ,900,60, ,154989.75,172.21,1350,90, ,206950.5,153.3,-450,-30, ,51960.75,115.47,177.6,-79605,-27644.25,,,0.05 - 1091.90 , , ,361940.25,2250,150, ,NA ,-27644.25,,OTM , , , , , , , ,44052.8
,,,,,Options ,OPTIDX ,BANKNIFTY ,31AUG2023 ,46100,CE ,BANKNIFTY23AUG46100CE ,1350,90, ,7845,5.81,1350,90, ,16395,12.14, , , ,8550, ,1.2,0,8550,,,0.05 - 6.50 , , ,24240,2700,180, ,NA ,8550,,OTM , , , , , , , ,44052.8
,,,,,Options ,OPTIDX ,BANKNIFTY ,31AUG2023 ,45300,CE ,BANKNIFTY23AUG45300CE ,8550,570, ,194360.25,22.73,8925,595, ,394301.25,44.18,-375,-25, ,199941,533.18,1.4,-525,199416,,,0.05 - 30.55 , , ,588661.5,17475,1165, ,NA ,199416,,OTM , , , , , , , ,44052.8
,,,,,Options ,OPTIDX ,BANKNIFTY ,07SEP2023 ,45500,CE ,BANKNIFTY2390745500CE ,2700,180, ,80745.75,29.91,4155,277, ,241719.75,58.18,-1455,-97, ,160974,110.64,19.55,-27208.5,133765.5,,,0.05 - 388.25 , , ,322465.5,6855,457, ,NA ,133765.5,,OTM , , , , , , , ,44052.8
,,,,,Options ,OPTIDX ,BANKNIFTY ,07SEP2023 ,42300,PE ,BANKNIFTY2390742300PE , , , , , ,900,60, ,12210.75,13.57,-900,-60, ,12210.75,13.57,15.95,-14400,-2189.25,,,0.05 - 197.70 , , ,12210.75,900,60, ,NA ,-2189.25,,OTM , , , , , , , ,44052.8
,,,,,Options ,OPTIDX ,BANKNIFTY ,31AUG2023 ,45000,CE ,BANKNIFTY23AUG45000CE ,6360,424, ,318732.75,50.12,6360,424, ,365813.25,57.52, , , ,47080.5, ,1.75,0,47080.5,,,0.05 - 113.40 , , ,684546,12720,848, ,NA ,47080.5,,OTM , , , , , , , ,44052.8
,,,,,Options ,OPTIDX ,BANKNIFTY ,31AUG2023 ,43400,PE ,BANKNIFTY23AUG43400PE ,5475,365, ,193263,35.3,5475,365, ,217895.25,39.8, , , ,24632.25, ,2.25,0,24632.25,,,0.05 - 215.95 , , ,411158.25,10950,730, ,NA ,24632.25,,OTM , , , , , , , ,44052.8
,,,,,Options ,OPTIDX ,BANKNIFTY ,07SEP2023 ,42700,PE ,BANKNIFTY2390742700PE ,630,42, ,10521.75,16.7,630,42, ,13609.5,21.6, , , ,3087.75, ,24.55,0,3087.75,,,0.05 - 332.80 , , ,24131.25,1260,84, ,NA ,3087.75,,OTM , , , , , , , ,44052.8
,,,,,Options ,OPTIDX ,BANKNIFTY ,31AUG2023 ,43100,PE ,BANKNIFTY23AUG43100PE ,4050,270, ,124765.5,30.81,4050,270, ,177920.25,43.93, , , ,53154.75, ,1.65,0,53154.75,,,0.05 - 58.90 , , ,302685.75,8100,540, ,NA ,53154.75,,OTM , , , , , , , ,44052.8
,,,,,Options ,OPTIDX ,BANKNIFTY ,07SEP2023 ,43600,PE ,BANKNIFTY2390743600PE ,2325,155, ,241750.5,103.98,2325,155, ,140936.25,60.62, , , ,-100814.25, ,103.85,0,-100814.25,,,0.05 - 847.85 , , ,382686.75,4650,310, ,NA ,-100814.25,,OTM , , , , , , , ,44052.8
,,,,,Options ,OPTIDX ,BANKNIFTY ,07SEP2023 ,44400,PE ,BANKNIFTY2390744400PE ,300,20, ,113615.25,378.72,300,20, ,62793,209.31, , , ,-50822.25, ,407.5,0,-50822.25,,,0.05 - 1583.10 , , ,176408.25,600,40, ,NA ,-50822.25,,ITM , , , , , , , ,44052.8
,,,,,Options ,OPTIDX ,BANKNIFTY ,31AUG2023 ,44700,CE ,BANKNIFTY23AUG44700CE ,1650,110, ,225510.75,136.67,1650,110, ,162568.5,98.53, , , ,-62942.25, ,2.3,0,-62942.25,,,0.05 - 336.30 , , ,388079.25,3300,220, ,NA ,-62942.25,,OTM , , , , , , , ,44052.8
,,,,,Options ,OPTIDX ,BANKNIFTY ,14SEP2023 ,41000,PE ,BANKNIFTY2391441000PE , , , , , ,900,60, ,14715,16.35,-900,-60, ,14715,16.35,14.75,-13275,1440,,,0.05 - 90.65 , , ,14715,900,60, ,NA ,1440,,OTM , , , , , , , ,44052.8
,,,,,Options ,OPTIDX ,BANKNIFTY ,31AUG2023 ,41000,PE ,BANKNIFTY23AUG41000PE ,1275,85, ,6111.75,4.79,1275,85, ,1552.5,1.22, , , ,-4559.25, ,0.85,0,-4559.25,,,0.05 - 8.70 , , ,7664.25,2550,170, ,NA ,-4559.25,,OTM , , , , , , , ,44052.8
,,,,,Options ,OPTIDX ,BANKNIFTY ,31AUG2023 ,42800,PE ,BANKNIFTY23AUG42800PE ,2550,170, ,37507.5,14.71,2550,170, ,65587.5,25.72, , , ,28080, ,1.25,0,28080,,,0.05 - 27.90 , , ,103095,5100,340, ,NA ,28080,,OTM , , , , , , , ,44052.8
,,,,,Options ,OPTIDX ,BANKNIFTY ,31AUG2023 ,44400,CE ,BANKNIFTY23AUG44400CE ,210,14, ,64246.5,305.94,210,14, ,110640,526.86, , , ,46393.5, ,4.9,0,46393.5,,,0.05 - 774.95 , , ,174886.5,420,28, ,NA ,46393.5,,OTM , , , , , , , ,44052.8
,,,,,Options ,OPTIDX ,BANKNIFTY ,31AUG2023 ,47000,CE ,BANKNIFTY23AUG47000CE ,1500,100, ,12735,8.49,1500,100, ,5070,3.38, , , ,-7665, ,0.6,0,-7665,,,0.05 - 5.80 , , ,17805,3000,200, ,NA ,-7665,,OTM , , , , , , , ,44052.8
,,,,,Options ,OPTIDX ,BANKNIFTY ,31AUG2023 ,44100,CE ,BANKNIFTY23AUG44100CE ,1740,116, ,724261.5,416.24,1740,116, ,528543.75,303.76, , , ,-195717.75, ,30.55,0,-195717.75,,,0.05 - 1368.80 , , ,1252805.25,3480,232, ,NA ,-195717.75,,OTM , , , , , , , ,44052.8
,,,,,Options ,OPTIDX ,BANKNIFTY ,31AUG2023 ,47500,CE ,BANKNIFTY23AUG47500CE ,750,50, ,2700,3.6,750,50, ,1800,2.4, , , ,-900, ,0.45,0,-900,,,0.05 - 5.60 , , ,4500,1500,100, ,NA ,-900,,OTM , , , , , , , ,44052.8
,,,,,Options ,OPTIDX ,BANKNIFTY ,07SEP2023 ,42500,PE ,BANKNIFTY2390742500PE ,1050,70, ,13545,12.9,1050,70, ,20550,19.57, , , ,7005, ,19.8,0,7005,,,0.05 - 258.60 , , ,34095,2100,140, ,NA ,7005,,OTM , , , , , , , ,44052.8
,,,,,Options ,OPTIDX ,BANKNIFTY ,31AUG2023 ,45000,PE ,BANKNIFTY23AUG45000PE ,60,4, ,25848,430.8,60,4, ,32859,547.65, , , ,7011, ,999.3,0,7011,,,0.05 - 2601.65 , , ,58707,120,8, ,NA ,7011,,ITM , , , , , , , ,44052.8
,,,,,Options ,OPTIDX ,BANKNIFTY ,31AUG2023 ,47400,CE ,BANKNIFTY23AUG47400CE ,150,10, ,1057.5,7.05,150,10, ,682.5,4.55, , , ,-375, ,0.5,0,-375,,,0.05 - 5.65 , , ,1740,300,20, ,NA ,-375,,OTM , , , , , , , ,44052.8
,,,,,Options ,OPTIDX ,BANKNIFTY ,07SEP2023 ,44600,PE ,BANKNIFTY2390744600PE ,105,7, ,25158,239.6,855,57, ,310455.75,363.11,-750,-50, ,285297.75,380.4,547.15,-411750,-126452.25,,,0.05 - 1823.80 , , ,335613.75,960,64, ,NA ,-126452.25,,ITM , , , , , , , ,44052.8
,,,,,Options ,OPTIDX ,BANKNIFTY ,14SEP2023 ,44000,CE ,BANKNIFTY2391444000CE ,225,15, ,123708.75,549.82, , , , , ,225,15, ,-123708.75,549.82,545.95,122512.5,-1196.25,,,0.05 - 1745.35 , , ,123708.75,225,15, ,NA ,-1196.25,,ITM , , , , , , , ,44052.8
,,,,,Options ,OPTIDX ,BANKNIFTY ,31AUG2023 ,44700,PE ,BANKNIFTY23AUG44700PE ,450,30, ,129633.75,288.07,450,30, ,84555,187.9, , , ,-45078.75, ,702,0,-45078.75,,,0.05 - 2219.80 , , ,214188.75,900,60, ,NA ,-45078.75,,ITM , , , , , , , ,44052.8
,,,,,Options ,OPTIDX ,BANKNIFTY ,07SEP2023 ,44500,CE ,BANKNIFTY2390744500CE ,600,40, ,257937.75,429.9,750,50, ,215158.5,286.88,-150,-10, ,-42779.25,285.19,147,-21427.5,-64206.75,,,0.05 - 1058.70 , , ,473096.25,1350,90, ,NA ,-64206.75,,OTM , , , , , , , ,44052.8
,,,,,Options ,OPTIDX ,BANKNIFTY ,31AUG2023 ,44400,PE ,BANKNIFTY23AUG44400PE ,1305,87, ,228899.25,175.4,1305,87, ,165913.5,127.14, , , ,-62985.75, ,404.25,0,-62985.75,,,0.05 - 1853.45 , , ,394812.75,2610,174, ,NA ,-62985.75,,ITM , , , , , , , ,44052.8
,,,,,Options ,OPTIDX ,BANKNIFTY ,07SEP2023 ,45800,CE ,BANKNIFTY2390745800CE ,375,25, ,6825,18.2,375,25, ,7912.5,21.1, , , ,1087.5, ,13.3,0,1087.5,,,0.05 - 277.40 , , ,14737.5,750,50, ,NA ,1087.5,,OTM , , , , , , , ,44052.8
,,,,,Options ,OPTIDX ,BANKNIFTY ,31AUG2023 ,44100,PE ,BANKNIFTY23AUG44100PE ,1350,90, ,122482.5,90.73,1350,90, ,167472,124.05, , , ,44989.5, ,129.05,0,44989.5,,,0.05 - 1331.15 , , ,289954.5,2700,180, ,NA ,44989.5,,ITM , , , , , , , ,44052.8
,,,,,Options ,OPTIDX ,BANKNIFTY ,07SEP2023 ,43100,PE ,BANKNIFTY2390743100PE , , , , , ,2160,144, ,55311.75,25.61,-2160,-144, ,55311.75,25.61,43.35,-93960,-38648.25,,,0.05 - 524.75 , , ,55311.75,2160,144, ,NA ,-38648.25,,OTM , , , , , , , ,44052.8
,,,,,Options ,OPTIDX ,BANKNIFTY ,07SEP2023 ,43400,PE ,BANKNIFTY2390743400PE ,450,30, ,14737.5,32.75,450,30, ,21960,48.8, , , ,7222.5, ,72.6,0,7222.5,,,0.05 - 706.35 , , ,36697.5,900,60, ,NA ,7222.5,,OTM , , , , , , , ,44052.8
,,,,,Options ,OPTIDX ,BANKNIFTY ,07SEP2023 ,44800,PE ,BANKNIFTY2390744800PE ,375,25, ,169344.75,451.59,375,25, ,135637.5,361.7, , , ,-33707.25, ,700,0,-33707.25,,,0.05 - 2072.15 , , ,304982.25,750,50, ,NA ,-33707.25,,ITM , , , , , , , ,44052.8
,,,,,Options ,OPTIDX ,BANKNIFTY ,31AUG2023 ,45700,CE ,BANKNIFTY23AUG45700CE ,1335,89, ,24221.25,18.14,1335,89, ,38334,28.71, , , ,14112.75, ,1.4,0,14112.75,,,0.05 - 7.30 , , ,62555.25,2670,178, ,NA ,14112.75,,OTM , , , , , , , ,44052.8
,,,,,Options ,OPTIDX ,BANKNIFTY ,31AUG2023 ,43800,PE ,BANKNIFTY23AUG43800PE ,5055,337, ,202155.75,39.99,5355,357, ,227407.5,42.47,-300,-20, ,25251.75,84.17,7.75,-2340,22911.75,,,0.05 - 738.35 , , ,429563.25,10410,694, ,NA ,22911.75,,OTM , , , , , , , ,44052.8
,,,,,Options ,OPTIDX ,BANKNIFTY ,31AUG2023 ,45400,CE ,BANKNIFTY23AUG45400CE ,6525,435, ,102108.75,15.65,6525,435, ,191933.25,29.42, , , ,89824.5, ,1.25,0,89824.5,,,0.05 - 19.50 , , ,294042,13050,870, ,NA ,89824.5,,OTM , , , , , , , ,44052.8
,,,,,Options ,OPTIDX ,BANKNIFTY ,31AUG2023 ,46200,CE ,BANKNIFTY23AUG46200CE ,1275,85, ,9324,7.31,1275,85, ,19477.5,15.28, , , ,10153.5, ,0.9,0,10153.5,,,0.05 - 6.45 , , ,28801.5,2550,170, ,NA ,10153.5,,OTM , , , , , , , ,44052.8
,,,,,Options ,OPTIDX ,BANKNIFTY ,07SEP2023 ,44800,CE ,BANKNIFTY2390744800CE ,210,14, ,52107.75,248.13,210,14, ,53445.75,254.5, , , ,1338, ,73.85,0,1338,,,0.05 - 793.25 , , ,105553.5,420,28, ,NA ,1338,,OTM , , , , , , , ,44052.8
,,,,,Options ,OPTIDX ,BANKNIFTY ,07SEP2023 ,44700,CE ,BANKNIFTY2390744700CE ,525,35, ,148539.75,282.93,525,35, ,90810,172.97, , , ,-57729.75, ,94.05,0,-57729.75,,,0.05 - 875.40 , , ,239349.75,1050,70, ,NA ,-57729.75,,OTM , , , , , , , ,44052.8
,,,,,Options ,OPTIDX ,BANKNIFTY ,31AUG2023 ,43500,PE ,BANKNIFTY23AUG43500PE ,6240,416, ,101884.5,16.33,6615,441, ,164909.25,24.93,-375,-25, ,63024.75,168.07,2.5,-956.25,62068.5,,,0.05 - 309.70 , , ,266793.75,12855,857, ,NA ,62068.5,,OTM , , , , , , , ,44052.8
,,,,,Options ,OPTIDX ,BANKNIFTY ,31AUG2023 ,45100,CE ,BANKNIFTY23AUG45100CE ,6900,460, ,281928.75,40.86,6900,460, ,203694.75,29.52, , , ,-78234, ,1.55,0,-78234,,,0.05 - 74.40 , , ,485623.5,13800,920, ,NA ,-78234,,OTM , , , , , , , ,44052.8
,,,,,Options ,OPTIDX ,BANKNIFTY ,31AUG2023 ,46000,CE ,BANKNIFTY23AUG46000CE ,150,10, ,900,6,150,10, ,2115,14.1, , , ,1215, ,1.1,0,1215,,,0.05 - 6.85 , , ,3015,300,20, ,NA ,1215,,OTM , , , , , , , ,44052.8
,,,,,Options ,OPTIDX ,BANKNIFTY ,07SEP2023 ,45300,CE ,BANKNIFTY2390745300CE ,300,20, ,36384.75,121.28,5100,340, ,173293.5,33.98,-4800,-320, ,136908.75,28.52,26.1,-123840,13068.75,,,0.05 - 478.20 , , ,209678.25,5400,360, ,NA ,13068.75,,OTM , , , , , , , ,44052.8
,,,,,Options ,OPTIDX ,BANKNIFTY ,14SEP2023 ,44000,PE ,BANKNIFTY2391444000PE ,225,15, ,73047.75,324.66, , , , , ,225,15, ,-73047.75,324.66,315.1,71718.75,-1329,,,0.05 - 1250.00 , , ,73047.75,225,15, ,NA ,-1329,,OTM , , , , , , , ,44052.8
,,,,,Options ,OPTIDX ,BANKNIFTY ,31AUG2023 ,43200,PE ,BANKNIFTY23AUG43200PE ,8430,562, ,227923.5,27.04,8430,562, ,347352,41.2, , , ,119428.5, ,1.85,0,119428.5,,,0.05 - 94.00 , , ,575275.5,16860,1124, ,NA ,119428.5,,OTM , , , , , , , ,44052.8
,,,,,Options ,OPTIDX ,BANKNIFTY ,31AUG2023 ,44800,CE ,BANKNIFTY23AUG44800CE ,750,50, ,197943.75,263.93,750,50, ,140756.25,187.68, , , ,-57187.5, ,2,0,-57187.5,,,0.05 - 240.90 , , ,338700,1500,100, ,NA ,-57187.5,,OTM , , , , , , , ,44052.8
,,,,,Options ,OPTIDX ,BANKNIFTY ,07SEP2023 ,44500,PE ,BANKNIFTY2390744500PE ,450,30, ,114858.75,255.24, , , , , ,450,30, ,-114858.75,255.24,471.4,214155,99296.25,,,0.05 - 1702.25 , , ,114858.75,450,30, ,NA ,99296.25,,ITM , , , , , , , ,44052.8
,,,,,Options ,OPTIDX ,BANKNIFTY ,07SEP2023 ,43700,PE ,BANKNIFTY2390743700PE , , , , , ,450,30, ,26463.75,58.81,-450,-30, ,26463.75,58.81,123.7,-56227.5,-29763.75,,,0.05 - 926.15 , , ,26463.75,450,30, ,NA ,-29763.75,,OTM , , , , , , , ,44052.8
,,,,,Options ,OPTIDX ,BANKNIFTY ,07SEP2023 ,47000,CE ,BANKNIFTY2390747000CE ,1500,100, ,8625,5.75, , , , , ,1500,100, ,-8625,5.75,5.95,8925,300,,,0.05 - 55.95 , , ,8625,1500,100, ,NA ,300,,OTM , , , , , , , ,44052.8
,,,,,Options ,OPTIDX ,BANKNIFTY ,07SEP2023 ,41500,PE ,BANKNIFTY2390741500PE ,450,30, ,4320,9.6, , , , , ,450,30, ,-4320,9.6,8.5,3825,-495,,,0.05 - 69.20 , , ,4320,450,30, ,NA ,-495,,OTM , , , , , , , ,44052.8
,,,,,Options ,OPTIDX ,BANKNIFTY ,07SEP2023 ,44300,CE ,BANKNIFTY2390744300CE , , , , , ,300,20, ,84130.5,280.44,-300,-20, ,84130.5,280.44,224.35,-67725,16405.5,,,0.05 - 1269.70 , , ,84130.5,300,20, ,NA ,16405.5,,OTM , , , , , , , ,44052.8
,,,,,Options ,OPTIDX ,BANKNIFTY ,31AUG2023 ,44500,CE ,BANKNIFTY23AUG44500CE ,1335,89, ,250809.75,187.87,1335,89, ,229402.5,171.84, , , ,-21407.25, ,3.3,0,-21407.25,,,0.05 - 603.10 , , ,480212.25,2670,178, ,NA ,-21407.25,,OTM , , , , , , , ,44052.8
,,,,,Options ,OPTIDX ,BANKNIFTY ,31AUG2023 ,42900,PE ,BANKNIFTY23AUG42900PE ,2625,175, ,20512.5,7.81,2625,175, ,37854.75,14.42, , , ,17342.25, ,1.4,0,17342.25,,,0.05 - 30.50 , , ,58367.25,5250,350, ,NA ,17342.25,,OTM , , , , , , , ,44052.8
,,,,,Options ,OPTIDX ,BANKNIFTY ,14SEP2023 ,45100,CE ,BANKNIFTY2391445100CE ,585,39, ,117961.5,201.64,585,39, ,90060,153.95, , , ,-27901.5, ,101.45,0,-27901.5,,,0.05 - 794.95 , , ,208021.5,1170,78, ,NA ,-27901.5,,OTM , , , , , , , ,44052.8
,,,,,Options ,OPTIDX ,BANKNIFTY ,07SEP2023 ,45000,CE ,BANKNIFTY2390745000CE ,2175,145, ,295116,135.69,1125,75, ,129129.75,114.78,1050,70, ,-165986.25,158.08,46.25,47932.5,-118053.75,,,0.05 - 649.10 , , ,424245.75,3300,220, ,NA ,-118053.75,,OTM , , , , , , , ,44052.8
,,,,,Options ,OPTIDX ,BANKNIFTY ,14SEP2023 ,47000,CE ,BANKNIFTY2391447000CE , , , , , ,900,60, ,13815,15.35,-900,-60, ,13815,15.35,13,-11700,2115,,,0.05 - 171.70 , , ,13815,900,60, ,NA ,2115,,OTM , , , , , , , ,44052.8
,,,,,Options ,OPTIDX ,BANKNIFTY ,31AUG2023 ,42600,PE ,BANKNIFTY23AUG42600PE ,1200,80, ,10080,8.4,1200,80, ,23715,19.76, , , ,13635, ,1.25,0,13635,,,0.05 - 23.30 , , ,33795,2400,160, ,NA ,13635,,OTM , , , , , , , ,44052.8
,,,,,Options ,OPTIDX ,BANKNIFTY ,07SEP2023 ,44900,CE ,BANKNIFTY2390744900CE ,600,40, ,272430,454.05,600,40, ,66807.75,111.35, , , ,-205622.25, ,58.1,0,-205622.25,,,0.05 - 719.45 , , ,339237.75,1200,80, ,NA ,-205622.25,,OTM , , , , , , , ,44052.8
,,,,,Options ,OPTIDX ,BANKNIFTY ,07SEP2023 ,43000,PE ,BANKNIFTY2390743000PE ,3330,222, ,124978.5,37.53,4980,332, ,245925.75,49.38,-1650,-110, ,120947.25,73.3,37.45,-62205,58742.25,,,0.05 - 471.35 , , ,370904.25,8310,554, ,NA ,58742.25,,OTM , , , , , , , ,44052.8
,,,,,Options ,OPTIDX ,BANKNIFTY ,07SEP2023 ,44000,PE ,BANKNIFTY2390744000PE ,1575,105, ,321500.25,204.13,1200,80, ,134691.75,112.24,375,25, ,-186808.5,498.16,211.65,80175,-106633.5,,,0.05 - 1182.00 , , ,456192,2775,185, ,NA ,-106633.5,,OTM , , , , , , , ,44052.8
,,,,,Options ,OPTIDX ,BANKNIFTY ,31AUG2023 ,42000,PE ,BANKNIFTY23AUG42000PE ,300,20, ,2550,8.5,300,20, ,525,1.75, , , ,-2025, ,0.95,0,-2025,,,0.05 - 13.40 , , ,3075,600,40, ,NA ,-2025,,OTM , , , , , , , ,44052.8
,,,,,Options ,OPTIDX ,BANKNIFTY ,07SEP2023 ,43300,PE ,BANKNIFTY2390743300PE ,1050,70, ,37916.25,36.11,1050,70, ,71902.5,68.48, , , ,33986.25, ,61,0,33986.25,,,0.05 - 642.65 , , ,109818.75,2100,140, ,NA ,33986.25,,OTM , , , , , , , ,44052.8
,,,,,Options ,OPTIDX ,BANKNIFTY ,07SEP2023 ,46000,CE ,BANKNIFTY2390746000CE ,750,50, ,10350,13.8,750,50, ,12487.5,16.65, , , ,2137.5, ,11,0,2137.5,,,0.05 - 219.15 , , ,22837.5,1500,100, ,NA ,2137.5,,OTM , , , , , , , ,44052.8
,,,,,Options ,OPTIDX ,BANKNIFTY ,31AUG2023 ,41700,PE ,BANKNIFTY23AUG41700PE ,150,10, ,1072.5,7.15,150,10, ,975,6.5, , , ,-97.5, ,1.05,0,-97.5,,,0.05 - 12.15 , , ,2047.5,300,20, ,NA ,-97.5,,OTM , , , , , , , ,44052.8
,,,,,Options ,OPTIDX ,BANKNIFTY ,07SEP2023 ,44600,CE ,BANKNIFTY2390744600CE ,555,37, ,177387.75,319.62,855,57, ,207470.25,242.66,-300,-20, ,30082.5,100.28,118.9,-34890,-4807.5,,,0.05 - 963.40 , , ,384858,1410,94, ,NA ,-4807.5,,OTM , , , , , , , ,44052.8
,,,,,Options ,OPTIDX ,BANKNIFTY ,31AUG2023 ,44800,PE ,BANKNIFTY23AUG44800PE ,285,19, ,93875.25,329.39,285,19, ,98118.75,344.28, , , ,4243.5, ,801.1,0,4243.5,,,0.05 - 2333.05 , , ,191994,570,38, ,NA ,4243.5,,ITM , , , , , , , ,44052.8
,,,,,Options ,OPTIDX ,BANKNIFTY ,07SEP2023 ,45100,CE ,BANKNIFTY2390745100CE ,930,62, ,115653,124.36,885,59, ,98289,111.06,45,3, ,-17364,385.87,37.7,1647,-15717,,,0.05 - 586.80 , , ,213942,1815,121, ,NA ,-15717,,OTM , , , , , , , ,44052.8
,,,,,Options ,OPTIDX ,BANKNIFTY ,31AUG2023 ,44500,PE ,BANKNIFTY23AUG44500PE ,825,55, ,196254,237.88,825,55, ,115699.5,140.24, , , ,-80554.5, ,503.3,0,-80554.5,,,0.05 - 1983.70 , , ,311953.5,1650,110, ,NA ,-80554.5,,ITM , , , , , , , ,44052.8
,,,,,Options ,OPTIDX ,BANKNIFTY ,07SEP2023 ,45900,CE ,BANKNIFTY2390745900CE ,600,40, ,9300,15.5,1500,100, ,24300,16.2,-900,-60, ,15000,16.67,12.15,-10800,4200,,,0.05 - 247.00 , , ,33600,2100,140, ,NA ,4200,,OTM , , , , , , , ,44052.8
,,,,,Options ,OPTIDX ,BANKNIFTY ,31AUG2023 ,46300,CE ,BANKNIFTY23AUG46300CE ,375,25, ,4725,12.6,375,25, ,7368.75,19.65, , , ,2643.75, ,0.9,0,2643.75,,,0.05 - 6.40 , , ,12093.75,750,50, ,NA ,2643.75,,OTM , , , , , , , ,44052.8
,,,,,Options ,OPTIDX ,BANKNIFTY ,07SEP2023 ,44300,PE ,BANKNIFTY2390744300PE ,525,35, ,155227.5,295.67,525,35, ,204804.75,390.1, , , ,49577.25, ,349.55,0,49577.25,,,0.05 - 1480.85 , , ,360032.25,1050,70, ,NA ,49577.25,,ITM , , , , , , , ,44052.8
,,,,,Options ,OPTIDX ,BANKNIFTY ,28SEP2023 ,47000,CE ,BANKNIFTY23SEP47000CE , , , , , ,150,10, ,5257.5,35.05,-150,-10, ,5257.5,35.05,37.1,-5557.5,-300,,,0.05 - 368.80 , , ,5257.5,150,10, ,NA ,-300,,OTM , , , , , , , ,44052.8
,,,,,Options ,OPTIDX ,BANKNIFTY ,28SEP2023 ,41000,PE ,BANKNIFTY23SEP41000PE , , , , , ,300,20, ,12180,40.6,-300,-20, ,12180,40.6,38.9,-11700,480,,,0.05 - 218.10 , , ,12180,300,20, ,NA ,480,,OTM , , , , , , , ,44052.8
,,,,,Options ,OPTIDX ,BANKNIFTY ,31AUG2023 ,44200,PE ,BANKNIFTY23AUG44200PE ,825,55, ,84704.25,102.67,825,55, ,175342.5,212.54, , , ,90638.25, ,213.7,0,90638.25,,,0.05 - 1539.25 , , ,260046.75,1650,110, ,NA ,90638.25,,ITM , , , , , , , ,44052.8
,,,,,Options ,OPTIDX ,BANKNIFTY ,31AUG2023 ,45800,CE ,BANKNIFTY23AUG45800CE ,1875,125, ,7771.5,4.14,1875,125, ,24892.5,13.28, , , ,17121, ,1.4,0,17121,,,0.05 - 7.05 , , ,32664,3750,250, ,NA ,17121,,OTM , , , , , , , ,44052.8
,,,,,Options ,OPTIDX ,BANKNIFTY ,07SEP2023 ,43500,PE ,BANKNIFTY2390743500PE ,2175,145, ,199380,91.67,2880,192, ,154664.25,53.7,-705,-47, ,-44715.75,63.43,87.8,-62075.25,-106791,,,0.05 - 775.10 , , ,354044.25,5055,337, ,NA ,-106791,,OTM , , , , , , , ,44052.8
,,,,,Options ,OPTIDX ,BANKNIFTY ,07SEP2023 ,44100,CE ,BANKNIFTY2390744100CE , , , , , ,450,30, ,134091,297.98,-450,-30, ,134091,297.98,326.95,-145642.5,-11551.5,,,0.05 - 1484.35 , , ,134091,450,30, ,NA ,-11551.5,,OTM , , , , , , , ,44052.8
,,,,,Options ,OPTIDX ,BANKNIFTY ,07SEP2023 ,42800,PE ,BANKNIFTY2390742800PE , , , , , ,1800,120, ,56831.25,31.57,-1800,-120, ,56831.25,31.57,27.7,-50400,6431.25,,,0.05 - 375.95 , , ,56831.25,1800,120, ,NA ,6431.25,,OTM , , , , , , , ,44052.8
,,,,,Options ,OPTIDX ,BANKNIFTY ,31AUG2023 ,45500,CE ,BANKNIFTY23AUG45500CE ,3375,225, ,96681.75,28.65,3750,250, ,122442,32.65,-375,-25, ,25760.25,68.69,1.25,-450,25310.25,,,0.05 - 12.75 , , ,219123.75,7125,475, ,NA ,25310.25,,OTM , , , , , , , ,44052.8
,,,,,Options ,OPTIDX ,BANKNIFTY ,31AUG2023 ,43900,PE ,BANKNIFTY23AUG43900PE ,2085,139, ,151045.5,72.44,2085,139, ,161869.5,77.64, , , ,10824, ,16.9,0,10824,,,0.05 - 923.65 , , ,312915,4170,278, ,NA ,10824,,OTM , , , , , , , ,44052.8
,,,,,Options ,OPTIDX ,BANKNIFTY ,07SEP2023 ,42900,PE ,BANKNIFTY2390742900PE , , , , , ,2550,170, ,88092.75,34.55,-2550,-170, ,88092.75,34.55,32.2,-82237.5,5855.25,,,0.05 - 422.10 , , ,88092.75,2550,170, ,NA ,5855.25,,OTM , , , , , , , ,44052.8
,,,,,Options ,OPTIDX ,BANKNIFTY ,31AUG2023 ,43600,PE ,BANKNIFTY23AUG43600PE ,5175,345, ,31218.75,6.03,5475,365, ,126704.25,23.14,-300,-20, ,95485.5,318.29,2.95,-885,94600.5,,,0.05 - 427.40 , , ,157923,10650,710, ,NA ,94600.5,,OTM , , , , , , , ,44052.8
,,,,,Options ,OPTIDX ,BANKNIFTY ,07SEP2023 ,45400,CE ,BANKNIFTY2390745400CE , , , , , ,1050,70, ,45943.5,43.76,-1050,-70, ,45943.5,43.76,22.35,-22942.5,23001,,,0.05 - 431.00 , , ,45943.5,1050,70, ,NA ,23001,,OTM , , , , , , , ,44052.8
,,,,,Options ,OPTIDX ,BANKNIFTY ,07SEP2023 ,43800,PE ,BANKNIFTY2390743800PE ,1050,70, ,133152.75,126.81,1050,70, ,69786.75,66.46, , , ,-63366, ,149.2,0,-63366,,,0.05 - 1006.90 , , ,202939.5,2100,140, ,NA ,-63366,,OTM , , , , , , , ,44052.8
,,,,,Options ,OPTIDX ,BANKNIFTY ,07SEP2023 ,44700,PE ,BANKNIFTY2390744700PE ,225,15, ,59528.25,264.57,225,15, ,114671.25,509.65, , , ,55143, ,615.8,0,55143,,,0.05 - 1928.95 , , ,174199.5,450,30, ,NA ,55143,,ITM , , , , , , , ,44052.8
,,,,,Options ,OPTIDX ,BANKNIFTY ,31AUG2023 ,45200,CE ,BANKNIFTY23AUG45200CE ,6675,445, ,203245.5,30.45,6975,465, ,207782.25,29.79,-300,-20, ,4536.75,15.12,1.45,-420,4116.75,,,0.05 - 48.05 , , ,411027.75,13650,910, ,NA ,4116.75,,OTM , , , , , , , ,44052.8
,,,,,Options ,OPTIDX ,BANKNIFTY ,14SEP2023 ,41500,PE ,BANKNIFTY2391441500PE , , , , , ,450,30, ,9783,21.74,-450,-30, ,9783,21.74,21.65,-9337.5,445.5,,,0.05 - 159.75 , , ,9783,450,30, ,NA ,445.5,,OTM , , , , , , , ,44052.8
,,,,,Options ,OPTIDX ,BANKNIFTY ,31AUG2023 ,43300,PE ,BANKNIFTY23AUG43300PE ,8550,570, ,322761,37.75,8550,570, ,356571.75,41.7, , , ,33810.75, ,2,0,33810.75,,,0.05 - 145.15 , , ,679332.75,17100,1140, ,NA ,33810.75,,OTM , , , , , , , ,44052.8
,,,,,Options ,OPTIDX ,BANKNIFTY ,31AUG2023 ,44900,CE ,BANKNIFTY23AUG44900CE ,3285,219, ,285975,87.05,3285,219, ,261369.75,79.56, , , ,-24605.25, ,1.8,0,-24605.25,,,0.05 - 167.55 , , ,547344.75,6570,438, ,NA ,-24605.25,,OTM , , , , , , , ,44052.8
,,,,,Options ,OPTIDX ,BANKNIFTY ,31AUG2023 ,43000,PE ,BANKNIFTY23AUG43000PE ,7650,510, ,149851.5,19.59,7935,529, ,273259.5,34.44,-285,-19, ,123408,433.01,1.5,-427.5,122980.5,,,0.05 - 37.10 , , ,423111,15585,1039, ,NA ,122980.5,,OTM , , , , , , , ,44052.8
,,,,,Options ,OPTIDX ,BANKNIFTY ,31AUG2023 ,44600,CE ,BANKNIFTY23AUG44600CE ,450,30, ,102364.5,227.48,450,30, ,73584,163.52, , , ,-28780.5, ,2.75,0,-28780.5,,,0.05 - 456.35 , , ,175948.5,900,60, ,NA ,-28780.5,,OTM , , , , , , , ,44052.8
,,,,,Options ,OPTIDX ,BANKNIFTY ,14SEP2023 ,43800,PE ,BANKNIFTY2391443800PE ,300,20, ,50445,168.15,300,20, ,74716.5,249.06, , , ,24271.5, ,247.5,0,24271.5,,,0.05 - 1109.10 , , ,125161.5,600,40, ,NA ,24271.5,,OTM , , , , , , , ,44052.8
,,,,,Options ,OPTIDX ,BANKNIFTY ,07SEP2023 ,43200,PE ,BANKNIFTY2390743200PE ,750,50, ,35475,47.3,900,60, ,33140.25,36.82,-150,-10, ,-2334.75,15.56,50.5,-7657.5,-9992.25,,,0.05 - 582.00 , , ,68615.25,1650,110, ,NA ,-9992.25,,OTM , , , , , , , ,44052.8
,,,,,Futures ,FUTSTK ,BATAINDIA ,31AUG2023 , , ,BATAINDIA23AUGFUT ,375,1, ,639918.75,1706.45,375,1, ,639918.75,1706.45, , , ,0, ,1697.9,0,0,,,1535.85 - 1877.10 , , ,1279837.5,750,2, ,NA ,0,,NA , , , , , , , ,1694
,,,,,Futures ,FUTSTK ,HDFCBANK ,31AUG2023 , , ,HDFCBANK23AUGFUT ,1100,2, ,1736845,1578.95,1100,2, ,1736845,1578.95, , , ,0, ,1571,0,0,,,1421.10 - 1736.85 , , ,3473690,2200,4, ,NA ,0,,NA , , , , , , , ,1572.15
,,,,,Futures ,FUTSTK ,HEROMOTOCO ,31AUG2023 , , ,HEROMOTOCO23AUGFUT ,300,1, ,886125,2953.75,300,1, ,886125,2953.75, , , ,0, ,2928,0,0,,,2658.40 - 3249.15 , , ,1772250,600,2, ,NA ,0,,NA , , , , , , , ,2929.8
,,,,,Futures ,FUTSTK ,INDHOTEL ,31AUG2023 , , ,INDHOTEL23AUGFUT ,4000,2, ,1668200,417.05,4000,2, ,1668200,417.05, , , ,0, ,420.95,0,0,,,375.35 - 458.80 , , ,3336400,8000,4, ,NA ,0,,NA , , , , , , , ,421.05
,,,,,Options ,OPTSTK ,INDHOTEL ,31AUG2023 ,415,CE ,INDHOTEL23AUG415CE ,6000,3, ,3900,0.65,6000,3, ,22700,3.78, , , ,18800, ,6.5,0,18800,,,0.05 - 23.50 , , ,26600,12000,6, ,NA ,18800,,ITM , , , , , , , ,421.05
,,,,,Options ,OPTSTK ,INDHOTEL ,31AUG2023 ,400,CE ,INDHOTEL23AUG400CE ,18000,9, ,42600,2.37,18000,9, ,98700,5.48, , , ,56100, ,21.4,0,56100,,,0.05 - 49.10 , , ,141300,36000,18, ,NA ,56100,,ITM , , , , , , , ,421.05
,,,,,Options ,OPTSTK ,INDHOTEL ,31AUG2023 ,415,PE ,INDHOTEL23AUG415PE ,6000,3, ,132000,22,6000,3, ,67600,11.27, , , ,-64400, ,0.2,0,-64400,,,0.05 - 15.60 , , ,199600,12000,6, ,NA ,-64400,,OTM , , , , , , , ,421.05
,,,,,Options ,OPTSTK ,INDHOTEL ,31AUG2023 ,380,PE ,INDHOTEL23AUG380PE ,2000,1, ,900,0.45,2000,1, ,12000,6, , , ,11100, ,0.05,0,11100,,,0.05 - 3.05 , , ,12900,4000,2, ,NA ,11100,,OTM , , , , , , , ,421.05
,,,,,Options ,OPTSTK ,INDHOTEL ,31AUG2023 ,400,PE ,INDHOTEL23AUG400PE ,12000,6, ,100800,8.4,12000,6, ,65400,5.45, , , ,-35400, ,0.05,0,-35400,,,0.05 - 3.20 , , ,166200,24000,12, ,NA ,-35400,,OTM , , , , , , , ,421.05
,,,,,Options ,OPTSTK ,INDHOTEL ,31AUG2023 ,385,CE ,INDHOTEL23AUG385CE ,14000,7, ,133600,9.54,14000,7, ,115300,8.24, , , ,-18300, ,36,0,-18300,,,0.05 - 64.80 , , ,248900,28000,14, ,NA ,-18300,,ITM , , , , , , , ,421.05
,,,,,Options ,OPTSTK ,INDHOTEL ,31AUG2023 ,405,CE ,INDHOTEL23AUG405CE ,12000,6, ,17100,1.43,12000,6, ,89400,7.45, , , ,72300, ,16.5,0,72300,,,0.05 - 42.15 , , ,106500,24000,12, ,NA ,72300,,ITM , , , , , , , ,421.05
,,,,,Options ,OPTSTK ,INDHOTEL ,31AUG2023 ,385,PE ,INDHOTEL23AUG385PE ,12000,6, ,10500,0.88,12000,6, ,57500,4.79, , , ,47000, ,0.05,0,47000,,,0.05 - 3.10 , , ,68000,24000,12, ,NA ,47000,,OTM , , , , , , , ,421.05
,,,,,Options ,OPTSTK ,INDHOTEL ,31AUG2023 ,405,PE ,INDHOTEL23AUG405PE ,12000,6, ,158600,13.22,12000,6, ,79000,6.58, , , ,-79600, ,0.05,0,-79600,,,0.05 - 3.40 , , ,237600,24000,12, ,NA ,-79600,,OTM , , , , , , , ,421.05
,,,,,Options ,OPTSTK ,INDHOTEL ,31AUG2023 ,370,PE ,INDHOTEL23AUG370PE ,6000,3, ,1200,0.2,6000,3, ,12600,2.1, , , ,11400, ,0.05,0,11400,,,0.05 - 3.05 , , ,13800,12000,6, ,NA ,11400,,OTM , , , , , , , ,421.05
,,,,,Options ,OPTSTK ,INDHOTEL ,31AUG2023 ,390,CE ,INDHOTEL23AUG390CE ,14000,7, ,86800,6.2,14000,7, ,113600,8.11, , , ,26800, ,30.4,0,26800,,,0.05 - 59.75 , , ,200400,28000,14, ,NA ,26800,,ITM , , , , , , , ,421.05
,,,,,Options ,OPTSTK ,INDHOTEL ,31AUG2023 ,410,CE ,INDHOTEL23AUG410CE ,6000,3, ,5700,0.95,6000,3, ,33300,5.55, , , ,27600, ,10.9,0,27600,,,0.05 - 33.70 , , ,39000,12000,6, ,NA ,27600,,ITM , , , , , , , ,421.05
,,,,,Options ,OPTSTK ,INDHOTEL ,31AUG2023 ,395,CE ,INDHOTEL23AUG395CE ,10000,5, ,37500,3.75,10000,5, ,67600,6.76, , , ,30100, ,26.05,0,30100,,,0.05 - 54.40 , , ,105100,20000,10, ,NA ,30100,,ITM , , , , , , , ,421.05
,,,,,Options ,OPTSTK ,INDHOTEL ,31AUG2023 ,390,PE ,INDHOTEL23AUG390PE ,14000,7, ,32000,2.29,14000,7, ,45700,3.26, , , ,13700, ,0.05,0,13700,,,0.05 - 3.10 , , ,77700,28000,14, ,NA ,13700,,OTM , , , , , , , ,421.05
,,,,,Options ,OPTSTK ,INDHOTEL ,31AUG2023 ,410,PE ,INDHOTEL23AUG410PE ,6000,3, ,106200,17.7,6000,3, ,50400,8.4, , , ,-55800, ,0.05,0,-55800,,,0.05 - 7.45 , , ,156600,12000,6, ,NA ,-55800,,OTM , , , , , , , ,421.05
,,,,,Options ,OPTSTK ,INDHOTEL ,31AUG2023 ,395,PE ,INDHOTEL23AUG395PE ,10000,5, ,50000,5,10000,5, ,46500,4.65, , , ,-3500, ,0.05,0,-3500,,,0.05 - 3.10 , , ,96500,20000,10, ,NA ,-3500,,OTM , , , , , , , ,421.05
,,,,,Futures ,FUTSTK ,JUBLFOOD ,31AUG2023 , , ,JUBLFOOD23AUGFUT ,1250,1, ,633375,506.7,1250,1, ,633375,506.7, , , ,0, ,516.7,0,0,,,456.05 - 557.40 , , ,1266750,2500,2, ,NA ,0,,NA , , , , , , , ,515.8
,,,,,Futures ,FUTSTK ,NAUKRI ,28SEP2023 , , ,NAUKRI23SEPFUT ,150,1, ,658672.5,4391.15,150,1, ,658672.5,4391.15, , , ,0, ,4396,0,0,,,3952.05 - 4830.30 , , ,1317345,300,2, ,NA ,0,,NA , , , , , , , ,4370.4
,,,,,Futures ,FUTIDX ,NIFTY ,31AUG2023 , , ,NIFTY23AUGFUT ,400,8, ,7737000,19342.5,400,8, ,7737000,19342.5, , , ,0, ,19296.05,0,0,,,17408.25 - 21276.75 , , ,15474000,800,16, ,NA ,0,,NA , , , , , , , ,19308.4
,,,,,Futures ,FUTIDX ,NIFTY ,28SEP2023 , , ,NIFTY23SEPFUT ,4300,86, ,83610770,19444.37,2700,54, ,52502310,19445.3,1600,32, ,-31108460,19442.79,19423.4,31073040,-35420,,,17500.80 - 21389.85 , , ,136113080,7000,140, ,NA ,-35420,,NA , , , , , , , ,19308.4
,,,,,Futures ,FUTIDX ,NIFTY ,26OCT2023 , , ,NIFTY23OCTFUT ,50,1, ,977080,19541.6, , , , , ,50,1, ,-977080,19541.6,19517,975832.5,-1247.5,,,17587.45 - 21495.80 , , ,977080,50,1, ,NA ,-1247.5,,NA , , , , , , , ,19308.4
,,,,,Options ,OPTIDX ,NIFTY ,14SEP2023 ,19300,PE ,NIFTY2391419300PE , , , , , ,300,6, ,35700,119,-300,-6, ,35700,119,107.3,-32535,3165,,,0.05 - 375.65 , , ,35700,300,6, ,NA ,3165,,OTM , , , , , , , ,19308.4
,,,,,Options ,OPTIDX ,NIFTY ,31AUG2023 ,19800,CE ,NIFTY23AUG19800CE ,12500,250, ,78000,6.24,12500,250, ,102480,8.2, , , ,24480, ,0.35,0,24480,,,0.05 - 4.00 , , ,180480,25000,500, ,NA ,24480,,OTM , , , , , , , ,19308.4
,,,,,Options ,OPTIDX ,NIFTY ,31AUG2023 ,18500,PE ,NIFTY23AUG18500PE ,2500,50, ,7375,2.95,2500,50, ,2000,0.8, , , ,-5375, ,0.2,0,-5375,,,0.05 - 3.50 , , ,9375,5000,100, ,NA ,-5375,,OTM , , , , , , , ,19308.4
,,,,,Options ,OPTIDX ,NIFTY ,07SEP2023 ,18500,PE ,NIFTY2390718500PE ,500,10, ,1325,2.65, , , , , ,500,10, ,-1325,2.65,2.65,1350,25,,,0.05 - 17.35 , , ,1325,500,10, ,NA ,25,,OTM , , , , , , , ,19308.4
,,,,,Options ,OPTIDX ,NIFTY ,07SEP2023 ,19700,CE ,NIFTY2390719700CE ,4700,94, ,84257.5,17.93,4700,94, ,120370,25.61, , , ,36112.5, ,9.3,0,36112.5,,,0.05 - 167.40 , , ,204627.5,9400,188, ,NA ,36112.5,,OTM , , , , , , , ,19308.4
,,,,,Options ,OPTIDX ,NIFTY ,31AUG2023 ,19650,CE ,NIFTY23AUG19650CE ,13750,275, ,116937.5,8.5,13750,275, ,185747.5,13.51, , , ,68810, ,0.4,0,68810,,,0.05 - 21.35 , , ,302685,27500,550, ,NA ,68810,,OTM , , , , , , , ,19308.4
,,,,,Options ,OPTIDX ,NIFTY ,07SEP2023 ,19150,PE ,NIFTY2390719150PE ,3000,60, ,92525,30.84,3000,60, ,68680,22.89, , , ,-23845, ,32.5,0,-23845,,,0.05 - 227.00 , , ,161205,6000,120, ,NA ,-23845,,OTM , , , , , , , ,19308.4
,,,,,Options ,OPTIDX ,NIFTY ,07SEP2023 ,19100,PE ,NIFTY2390719100PE ,700,14, ,23360,33.37,700,14, ,53535,76.48, , , ,30175, ,24.85,0,30175,,,0.05 - 194.50 , , ,76895,1400,28, ,NA ,30175,,OTM , , , , , , , ,19308.4
,,,,,Options ,OPTIDX ,NIFTY ,31AUG2023 ,19350,CE ,NIFTY23AUG19350CE ,650,13, ,44447.5,68.38,650,13, ,44570,68.57, , , ,122.5, ,4.6,0,122.5,,,0.05 - 357.50 , , ,89017.5,1300,26, ,NA ,122.5,,OTM , , , , , , , ,19308.4
,,,,,Options ,OPTIDX ,NIFTY ,31AUG2023 ,19200,PE ,NIFTY23AUG19200PE ,700,14, ,26370,37.67,700,14, ,36380,51.97, , , ,10010, ,0.75,0,10010,,,0.05 - 112.30 , , ,62750,1400,28, ,NA ,10010,,OTM , , , , , , , ,19308.4
,,,,,Options ,OPTIDX ,NIFTY ,31AUG2023 ,18850,PE ,NIFTY23AUG18850PE ,6000,120, ,74375,12.4,6000,120, ,102877.5,17.15, , , ,28502.5, ,0.45,0,28502.5,,,0.05 - 3.80 , , ,177252.5,12000,240, ,NA ,28502.5,,OTM , , , , , , , ,19308.4
,,,,,Options ,OPTIDX ,NIFTY ,31AUG2023 ,19500,PE ,NIFTY23AUG19500PE ,600,12, ,106852.5,178.09,600,12, ,68050,113.42, , , ,-38802.5, ,206.5,0,-38802.5,,,0.05 - 682.75 , , ,174902.5,1200,24, ,NA ,-38802.5,,ITM , , , , , , , ,19308.4
,,,,,Options ,OPTIDX ,NIFTY ,07SEP2023 ,18000,PE ,NIFTY2390718000PE ,3250,65, ,8800,2.71,1250,25, ,2800,2.24,2000,40, ,-6000,3,1.9,3800,-2200,,,0.05 - 5.35 , , ,11600,4500,90, ,NA ,-2200,,OTM , , , , , , , ,19308.4
,,,,,Options ,OPTIDX ,NIFTY ,07SEP2023 ,19000,PE ,NIFTY2390719000PE ,4950,99, ,78275,15.81,4950,99, ,98252.5,19.85, , , ,19977.5, ,14.95,0,19977.5,,,0.05 - 141.15 , , ,176527.5,9900,198, ,NA ,19977.5,,OTM , , , , , , , ,19308.4
,,,,,Options ,OPTIDX ,NIFTY ,31AUG2023 ,19350,PE ,NIFTY23AUG19350PE ,450,9, ,33165,73.7,450,9, ,39625,88.06, , , ,6460, ,60.85,0,6460,,,0.05 - 357.55 , , ,72790,900,18, ,NA ,6460,,ITM , , , , , , , ,19308.4
,,,,,Options ,OPTIDX ,NIFTY ,31AUG2023 ,18750,PE ,NIFTY23AUG18750PE ,7000,140, ,58640,8.38,7000,140, ,81050,11.58, , , ,22410, ,0.5,0,22410,,,0.05 - 3.60 , , ,139690,14000,280, ,NA ,22410,,OTM , , , , , , , ,19308.4
,,,,,Options ,OPTIDX ,NIFTY ,07SEP2023 ,18850,PE ,NIFTY2390718850PE , , , , , ,1000,20, ,7650,7.65,-1000,-20, ,7650,7.65,6.95,-7100,550,,,0.05 - 81.45 , , ,7650,1000,20, ,NA ,550,,OTM , , , , , , , ,19308.4
,,,,,Options ,OPTIDX ,NIFTY ,07SEP2023 ,19800,CE ,NIFTY2390719800CE ,7400,148, ,65032.5,8.79,8400,168, ,93530,11.13,-1000,-20, ,28497.5,28.5,4.55,-4550,23947.5,,,0.05 - 120.55 , , ,158562.5,15800,316, ,NA ,23947.5,,OTM , , , , , , , ,19308.4
,,,,,Options ,OPTIDX ,NIFTY ,31AUG2023 ,20000,CE ,NIFTY23AUG20000CE ,5000,100, ,37700,7.54,5000,100, ,47750,9.55, , , ,10050, ,0.25,0,10050,,,0.05 - 3.75 , , ,85450,10000,200, ,NA ,10050,,OTM , , , , , , , ,19308.4
,,,,,Options ,OPTIDX ,NIFTY ,31AUG2023 ,18700,PE ,NIFTY23AUG18700PE ,3000,60, ,37852.5,12.62,3000,60, ,38975,12.99, , , ,1122.5, ,0.35,0,1122.5,,,0.05 - 3.55 , , ,76827.5,6000,120, ,NA ,1122.5,,OTM , , , , , , , ,19308.4
,,,,,Options ,OPTIDX ,NIFTY ,07SEP2023 ,19500,PE ,NIFTY2390719500PE ,300,6, ,51862.5,172.88,300,6, ,51660,172.2, , , ,-202.5, ,177.35,0,-202.5,,,0.05 - 553.95 , , ,103522.5,600,12, ,NA ,-202.5,,ITM , , , , , , , ,19308.4
,,,,,Options ,OPTIDX ,NIFTY ,07SEP2023 ,19450,PE ,NIFTY2390719450PE ,1300,26, ,201405,154.93,1300,26, ,160867.5,123.74, , , ,-40537.5, ,147.5,0,-40537.5,,,0.05 - 497.70 , , ,362272.5,2600,52, ,NA ,-40537.5,,ITM , , , , , , , ,19308.4
,,,,,Options ,OPTIDX ,NIFTY ,31AUG2023 ,19850,CE ,NIFTY23AUG19850CE ,10500,210, ,88400,8.42,10500,210, ,104830,9.98, , , ,16430, ,0.4,0,16430,,,0.05 - 3.90 , , ,193230,21000,420, ,NA ,16430,,OTM , , , , , , , ,19308.4
,,,,,Options ,OPTIDX ,NIFTY ,07SEP2023 ,18700,PE ,NIFTY2390718700PE ,3400,68, ,22740,6.69,3400,68, ,41035,12.07, , , ,18295, ,4.2,0,18295,,,0.05 - 44.15 , , ,63775,6800,136, ,NA ,18295,,OTM , , , , , , , ,19308.4
,,,,,Options ,OPTIDX ,NIFTY ,31AUG2023 ,19700,CE ,NIFTY23AUG19700CE ,19000,380, ,144427.5,7.6,19000,380, ,201375,10.6, , , ,56947.5, ,0.5,0,56947.5,,,0.05 - 10.70 , , ,345802.5,38000,760, ,NA ,56947.5,,OTM , , , , , , , ,19308.4
,,,,,Options ,OPTIDX ,NIFTY ,07SEP2023 ,19200,PE ,NIFTY2390719200PE ,3250,65, ,185302.5,57.02,3250,65, ,112615,34.65, , , ,-72687.5, ,42.9,0,-72687.5,,,0.05 - 261.90 , , ,297917.5,6500,130, ,NA ,-72687.5,,OTM , , , , , , , ,19308.4
,,,,,Options ,OPTIDX ,NIFTY ,31AUG2023 ,19550,CE ,NIFTY23AUG19550CE ,2250,45, ,7685,3.42,2250,45, ,68355,30.38, , , ,60670, ,0.55,0,60670,,,0.05 - 71.00 , , ,76040,4500,90, ,NA ,60670,,OTM , , , , , , , ,19308.4
,,,,,Options ,OPTIDX ,NIFTY ,07SEP2023 ,20200,CE ,NIFTY2390720200CE ,2500,50, ,7125,2.85,1000,20, ,2175,2.17,1500,30, ,-4950,3.3,2.05,3075,-1875,,,0.05 - 26.15 , , ,9300,3500,70, ,NA ,-1875,,OTM , , , , , , , ,19308.4
,,,,,Options ,OPTIDX ,NIFTY ,07SEP2023 ,20100,CE ,NIFTY2390720100CE ,500,10, ,1275,2.55, , , , , ,500,10, ,-1275,2.55,2.2,1075,-200,,,0.05 - 39.75 , , ,1275,500,10, ,NA ,-200,,OTM , , , , , , , ,19308.4
,,,,,Options ,OPTIDX ,NIFTY ,07SEP2023 ,19600,CE ,NIFTY2390719600CE ,1000,20, ,42945,42.95,1000,20, ,115120,115.12, , , ,72175, ,21.35,0,72175,,,0.05 - 228.65 , , ,158065,2000,40, ,NA ,72175,,OTM , , , , , , , ,19308.4
,,,,,Options ,OPTIDX ,NIFTY ,31AUG2023 ,19400,CE ,NIFTY23AUG19400CE ,1250,25, ,121210,96.97,1250,25, ,125832.5,100.67, , , ,4622.5, ,1.2,0,4622.5,,,0.05 - 261.35 , , ,247042.5,2500,50, ,NA ,4622.5,,OTM , , , , , , , ,19308.4
,,,,,Options ,OPTIDX ,NIFTY ,07SEP2023 ,19550,CE ,NIFTY2390719550CE ,2350,47, ,239715,102.01,2350,47, ,87585,37.27, , , ,-152130, ,31.45,0,-152130,,,0.05 - 265.80 , , ,327300,4700,94, ,NA ,-152130,,OTM , , , , , , , ,19308.4
,,,,,Options ,OPTIDX ,NIFTY ,31AUG2023 ,20800,CE ,NIFTY23AUG20800CE ,2150,43, ,7565,3.52,2150,43, ,7725,3.59, , , ,160, ,0.1,0,160,,,0.05 - 3.50 , , ,15290,4300,86, ,NA ,160,,OTM , , , , , , , ,19308.4
,,,,,Options ,OPTIDX ,NIFTY ,31AUG2023 ,19250,CE ,NIFTY23AUG19250CE ,750,15, ,70645,94.19,750,15, ,69000,92, , , ,-1645, ,47.2,0,-1645,,,0.05 - 574.90 , , ,139645,1500,30, ,NA ,-1645,,ITM , , , , , , , ,19308.4
,,,,,Options ,OPTIDX ,NIFTY ,07SEP2023 ,19500,CE ,NIFTY2390719500CE ,1700,34, ,146060,85.92,1700,34, ,190717.5,112.19, , , ,44657.5, ,45.6,0,44657.5,,,0.05 - 308.45 , , ,336777.5,3400,68, ,NA ,44657.5,,OTM , , , , , , , ,19308.4
,,,,,Options ,OPTIDX ,NIFTY ,31AUG2023 ,19100,PE ,NIFTY23AUG19100PE ,6300,126, ,72420,11.5,6300,126, ,122065,19.38, , , ,49645, ,0.55,0,49645,,,0.05 - 37.10 , , ,194485,12600,252, ,NA ,49645,,OTM , , , , , , , ,19308.4
,,,,,Options ,OPTIDX ,NIFTY ,31AUG2023 ,19000,PE ,NIFTY23AUG19000PE ,15650,313, ,171360,10.95,15650,313, ,183347.5,11.72, , , ,11987.5, ,0.4,0,11987.5,,,0.05 - 9.45 , , ,354707.5,31300,626, ,NA ,11987.5,,OTM , , , , , , , ,19308.4
,,,,,Options ,OPTIDX ,NIFTY ,31AUG2023 ,18900,PE ,NIFTY23AUG18900PE ,8800,176, ,56952.5,6.47,8800,176, ,119320,13.56, , , ,62367.5, ,0.4,0,62367.5,,,0.05 - 3.95 , , ,176272.5,17600,352, ,NA ,62367.5,,OTM , , , , , , , ,19308.4
,,,,,Options ,OPTIDX ,NIFTY ,07SEP2023 ,19350,PE ,NIFTY2390719350PE ,1600,32, ,175072.5,109.42,1600,32, ,180040,112.53, , , ,4967.5, ,92,0,4967.5,,,0.05 - 392.30 , , ,355112.5,3200,64, ,NA ,4967.5,,ITM , , , , , , , ,19308.4
,,,,,Options ,OPTIDX ,NIFTY ,07SEP2023 ,19050,PE ,NIFTY2390719050PE ,3750,75, ,69747.5,18.6,3750,75, ,55687.5,14.85, , , ,-14060, ,19.25,0,-14060,,,0.05 - 166.20 , , ,125435,7500,150, ,NA ,-14060,,OTM , , , , , , , ,19308.4
,,,,,Options ,OPTIDX ,NIFTY ,31AUG2023 ,19400,PE ,NIFTY23AUG19400PE ,3150,63, ,313752.5,99.6,3150,63, ,321722.5,102.13, , , ,7970, ,107.3,0,7970,,,0.05 - 467.50 , , ,635475,6300,126, ,NA ,7970,,ITM , , , , , , , ,19308.4
,,,,,Options ,OPTIDX ,NIFTY ,31AUG2023 ,18800,PE ,NIFTY23AUG18800PE ,3000,60, ,34447.5,11.48,3000,60, ,39027.5,13.01, , , ,4580, ,0.35,0,4580,,,0.05 - 3.65 , , ,73475,6000,120, ,NA ,4580,,OTM , , , , , , , ,19308.4
,,,,,Options ,OPTIDX ,NIFTY ,07SEP2023 ,19300,PE ,NIFTY2390719300PE ,1900,38, ,164780,86.73,1900,38, ,184382.5,97.04, , , ,19602.5, ,72.45,0,19602.5,,,0.05 - 344.55 , , ,349162.5,3800,76, ,NA ,19602.5,,OTM , , , , , , , ,19308.4
,,,,,Options ,OPTIDX ,NIFTY ,31AUG2023 ,19250,PE ,NIFTY23AUG19250PE ,2250,45, ,222397.5,98.84,2250,45, ,244510,108.67, , , ,22112.5, ,3.95,0,22112.5,,,0.05 - 176.25 , , ,466907.5,4500,90, ,NA ,22112.5,,OTM , , , , , , , ,19308.4
,,,,,Options ,OPTIDX ,NIFTY ,07SEP2023 ,19850,CE ,NIFTY2390719850CE ,750,15, ,5887.5,7.85,750,15, ,6412.5,8.55, , , ,525, ,3.6,0,525,,,0.05 - 101.70 , , ,12300,1500,30, ,NA ,525,,OTM , , , , , , , ,19308.4
,,,,,Options ,OPTIDX ,NIFTY ,07SEP2023 ,18900,PE ,NIFTY2390718900PE ,900,18, ,12622.5,14.03,900,18, ,23870,26.52, , , ,11247.5, ,8.95,0,11247.5,,,0.05 - 98.60 , , ,36492.5,1800,36, ,NA ,11247.5,,OTM , , , , , , , ,19308.4
,,,,,Options ,OPTIDX ,NIFTY ,31AUG2023 ,19900,CE ,NIFTY23AUG19900CE ,2500,50, ,26550,10.62,2500,50, ,34300,13.72, , , ,7750, ,0.35,0,7750,,,0.05 - 3.85 , , ,60850,5000,100, ,NA ,7750,,OTM , , , , , , , ,19308.4
,,,,,Options ,OPTIDX ,NIFTY ,07SEP2023 ,18750,PE ,NIFTY2390718750PE ,750,15, ,3860,5.15,1750,35, ,11962.5,6.84,-1000,-20, ,8102.5,8.1,4.75,-4800,3302.5,,,0.05 - 54.45 , , ,15822.5,2500,50, ,NA ,3302.5,,OTM , , , , , , , ,19308.4
,,,,,Options ,OPTIDX ,NIFTY ,31AUG2023 ,19750,CE ,NIFTY23AUG19750CE ,16700,334, ,136420,8.17,16700,334, ,202355,12.12, , , ,65935, ,0.45,0,65935,,,0.05 - 5.20 , , ,338775,33400,668, ,NA ,65935,,OTM , , , , , , , ,19308.4
,,,,,Options ,OPTIDX ,NIFTY ,07SEP2023 ,19400,CE ,NIFTY2390719400CE ,1600,32, ,222800,139.25,1600,32, ,205145,128.22, , , ,-17655, ,83.8,0,-17655,,,0.05 - 406.80 , , ,427945,3200,64, ,NA ,-17655,,OTM , , , , , , , ,19308.4
,,,,,Options ,OPTIDX ,NIFTY ,07SEP2023 ,19650,CE ,NIFTY2390719650CE ,5400,108, ,215167.5,39.85,5400,108, ,145062.5,26.86, , , ,-70105, ,14.05,0,-70105,,,0.05 - 195.90 , , ,360230,10800,216, ,NA ,-70105,,OTM , , , , , , , ,19308.4
,,,,,Options ,OPTIDX ,NIFTY ,31AUG2023 ,19600,CE ,NIFTY23AUG19600CE ,1250,25, ,23662.5,18.93,1250,25, ,22900,18.32, , , ,-762.5, ,0.5,0,-762.5,,,0.05 - 40.30 , , ,46562.5,2500,50, ,NA ,-762.5,,OTM , , , , , , , ,19308.4
,,,,,Options ,OPTIDX ,NIFTY ,31AUG2023 ,19450,CE ,NIFTY23AUG19450CE ,900,18, ,31840,35.38,900,18, ,85505,95.01, , , ,53665, ,0.7,0,53665,,,0.05 - 180.25 , , ,117345,1800,36, ,NA ,53665,,OTM , , , , , , , ,19308.4
,,,,,Options ,OPTIDX ,NIFTY ,31AUG2023 ,19300,CE ,NIFTY23AUG19300CE ,3750,75, ,327320,87.29,3750,75, ,325682.5,86.85, , , ,-1637.5, ,16.25,0,-1637.5,,,0.05 - 465.15 , , ,653002.5,7500,150, ,NA ,-1637.5,,ITM , , , , , , , ,19308.4
,,,,,Options ,OPTIDX ,NIFTY ,31AUG2023 ,18000,PE ,NIFTY23AUG18000PE ,2000,40, ,8300,4.15,2000,40, ,8350,4.17, , , ,50, ,0.2,0,50,,,0.05 - 3.45 , , ,16650,4000,80, ,NA ,50,,OTM , , , , , , , ,19308.4
,,,,,Options ,OPTIDX ,NIFTY ,21SEP2023 ,19400,CE ,NIFTY2392119400CE , , , , , ,600,12, ,107037.5,178.4,-600,-12, ,107037.5,178.4,186.15,-111690,-4652.5,,,0.05 - 531.20 , , ,107037.5,600,12, ,NA ,-4652.5,,OTM , , , , , , , ,19308.4
,,,,,Options ,OPTIDX ,NIFTY ,07SEP2023 ,19750,CE ,NIFTY2390719750CE ,4750,95, ,52242.5,11,5750,115, ,85972.5,14.95,-1000,-20, ,33730,33.73,6.15,-6000,27730,,,0.05 - 142.35 , , ,138215,10500,210, ,NA ,27730,,OTM , , , , , , , ,19308.4
,,,,,Options ,OPTIDX ,NIFTY ,31AUG2023 ,19150,PE ,NIFTY23AUG19150PE ,2250,45, ,2250,1,2250,45, ,37490,16.66, , , ,35240, ,0.5,0,35240,,,0.05 - 66.85 , , ,39740,4500,90, ,NA ,35240,,OTM , , , , , , , ,19308.4
,,,,,Options ,OPTIDX ,NIFTY ,31AUG2023 ,19050,PE ,NIFTY23AUG19050PE ,12750,255, ,96412.5,7.56,12750,255, ,217952.5,17.09, , , ,121540, ,0.5,0,121540,,,0.05 - 19.20 , , ,314365,25500,510, ,NA ,121540,,OTM , , , , , , , ,19308.4
,,,,,Options ,OPTIDX ,NIFTY ,07SEP2023 ,19300,CE ,NIFTY2390719300CE ,700,14, ,124397.5,177.71,1100,22, ,152382.5,138.53,-400,-8, ,27985,69.96,139.35,-55080,-27095,,,0.05 - 521.00 , , ,276780,1800,36, ,NA ,-27095,,ITM , , , , , , , ,19308.4
,,,,,Options ,OPTIDX ,NIFTY ,07SEP2023 ,19400,PE ,NIFTY2390719400PE ,3750,75, ,493277.5,131.54,3750,75, ,407850,108.76, , , ,-85427.5, ,116.75,0,-85427.5,,,0.05 - 442.30 , , ,901127.5,7500,150, ,NA ,-85427.5,,ITM , , , , , , , ,19308.4
,,,,,Options ,OPTIDX ,NIFTY ,31AUG2023 ,18950,PE ,NIFTY23AUG18950PE ,11200,224, ,115217.5,10.29,11200,224, ,155062.5,13.84, , , ,39845, ,0.45,0,39845,,,0.05 - 4.50 , , ,270280,22400,448, ,NA ,39845,,OTM , , , , , , , ,19308.4
,,,,,Options ,OPTIDX ,NIFTY ,31AUG2023 ,19450,PE ,NIFTY23AUG19450PE ,300,6, ,52662.5,175.54,300,6, ,32287.5,107.63, , , ,-20375, ,156.5,0,-20375,,,0.05 - 578.60 , , ,84950,600,12, ,NA ,-20375,,ITM , , , , , , , ,19308.4
,,,,,Options ,OPTIDX ,NIFTY ,07SEP2023 ,19900,CE ,NIFTY2390719900CE ,750,15, ,4387.5,5.85,750,15, ,5137.5,6.85, , , ,750, ,3.15,0,750,,,0.05 - 85.25 , , ,9525,1500,30, ,NA ,750,,OTM , , , , , , , ,19308.4
,,,,,Options ,OPTIDX ,NIFTY ,31AUG2023 ,19300,PE ,NIFTY23AUG19300PE ,1150,23, ,60152.5,52.31,1150,23, ,88117.5,76.62, , , ,27965, ,22.4,0,27965,,,0.05 - 258.80 , , ,148270,2300,46, ,NA ,27965,,OTM , , , , , , , ,19308.4
,,,,,Options ,OPTIDX ,NIFTY ,31AUG2023 ,20100,CE ,NIFTY23AUG20100CE ,2500,50, ,8625,3.45,2500,50, ,1625,0.65, , , ,-7000, ,0.2,0,-7000,,,0.05 - 3.75 , , ,10250,5000,100, ,NA ,-7000,,OTM , , , , , , , ,19308.4
,,,,,Options ,OPTIDX ,NIFTY ,07SEP2023 ,18800,PE ,NIFTY2390718800PE ,2150,43, ,17527.5,8.15,2150,43, ,31812.5,14.8, , , ,14285, ,5.7,0,14285,,,0.05 - 67.15 , , ,49340,4300,86, ,NA ,14285,,OTM , , , , , , , ,19308.4
,,,,,Options ,OPTIDX ,NIFTY ,31AUG2023 ,18650,PE ,NIFTY23AUG18650PE ,4000,80, ,17790,4.45,4000,80, ,33657.5,8.41, , , ,15867.5, ,0.4,0,15867.5,,,0.05 - 3.55 , , ,51447.5,8000,160, ,NA ,15867.5,,OTM , , , , , , , ,19308.4
,,,,,Options ,OPTIDX ,NIFTY ,31AUG2023 ,19950,CE ,NIFTY23AUG19950CE ,4000,80, ,29350,7.34,4000,80, ,41425,10.36, , , ,12075, ,0.35,0,12075,,,0.05 - 3.80 , , ,70775,8000,160, ,NA ,12075,,OTM , , , , , , , ,19308.4
,,,,,Futures ,FUTSTK ,PIDILITIND ,28SEP2023 , , ,PIDILITIND23SEPFUT ,250,1, ,646862.5,2587.45,250,1, ,646862.5,2587.45, , , ,0, ,2588.05,0,0,,,2328.75 - 2846.20 , , ,1293725,500,2, ,NA ,0,,NA , , , , , , , ,2574.8
,,,,,Options ,OPTSTK ,RAMCOCEM ,31AUG2023 ,860,CE ,RAMCOCEM23AUG860CE ,850,1, ,11050,13,850,1, ,5567.5,6.55, , , ,-5482.5, ,5.5,0,-5482.5,,,0.05 - 55.05 , , ,16617.5,1700,2, ,NA ,-5482.5,,ITM , , , , , , , ,870.95
,,,,,Futures ,FUTSTK ,RELIANCE ,31AUG2023 , , ,RELIANCE23AUGFUT ,250,1, ,604562.5,2418.25,250,1, ,604562.5,2418.25, , , ,0, ,2409.25,0,0,,,2176.45 - 2660.10 , , ,1209125,500,2, ,NA ,0,,NA , , , , , , , ,2413.65
,,,,,Futures ,FUTSTK ,RELIANCE ,26OCT2023 , , ,RELIANCE23OCTFUT ,250,1, ,613087.5,2452.35, , , , , ,250,1, ,-613087.5,2452.35,2446.95,611737.5,-1350,,,2207.15 - 2697.60 , , ,613087.5,250,1, ,NA ,-1350,,NA , , , , , , , ,2413.65
,,,,,Futures ,FUTSTK ,SBIN ,28SEP2023 , , ,SBIN23SEPFUT ,1500,1, ,856350,570.9,1500,1, ,856350,570.9, , , ,0, ,569.45,0,0,,,513.85 - 628.00 , , ,1712700,3000,2, ,NA ,0,,NA , , , , , , , ,566.05
,,,,,Futures ,FUTSTK ,TATACHEM ,31AUG2023 , , ,TATACHEM23AUGFUT ,550,1, ,584045,1061.9,550,1, ,584045,1061.9, , , ,0, ,1068.8,0,0,,,955.75 - 1168.10 , , ,1168090,1100,2, ,NA ,0,,NA , , , , , , , ,1066.3
,,,,,Options ,OPTSTK ,TATACOMM ,31AUG2023 ,1840,CE ,TATACOMM23AUG1840CE ,500,1, ,9050,18.1,500,1, ,7825,15.65, , , ,-1225, ,0.05,0,-1225,,,0.05 - 26.45 , , ,16875,1000,2, ,NA ,-1225,,OTM , , , , , , , ,1787.5
,,,,,Futures ,FUTSTK ,TATAMOTORS ,28SEP2023 , , ,TATAMOTORS23SEPFUT ,1425,1, ,868751.25,609.65,1425,1, ,868751.25,609.65, , , ,0, ,610.55,0,0,,,548.70 - 670.65 , , ,1737502.5,2850,2, ,NA ,0,,NA , , , , , , , ,606.65
,,,,,Futures ,FUTSTK ,TATAPOWER ,31AUG2023 , , ,TATAPOWER23AUGFUT ,3375,1, ,833962.5,247.1,3375,1, ,833962.5,247.1, , , ,0, ,249.05,0,0,,,222.40 - 271.85 , , ,1667925,6750,2, ,NA ,0,,NA , , , , , , , ,249
,,,,,Futures ,FUTSTK ,TATASTEEL ,28SEP2023 , , ,TATASTEEL23SEPFUT ,5500,1, ,674300,122.6,5500,1, ,674300,122.6, , , ,0, ,123.25,0,0,,,110.35 - 134.90 , , ,1348600,11000,2, ,NA ,0,,NA , , , , , , , ,122.5
,,,,,Options ,OPTSTK ,TECHM ,28SEP2023 ,1200,CE ,TECHM23SEP1200CE ,1200,2, ,51000,42.5,1200,2, ,47220,39.35, , , ,-3780, ,44,0,-3780,,,0.05 - 80.40 , , ,98220,2400,4, ,NA ,-3780,,ITM , , , , , , , ,1212.45
,,,,,Futures ,FUTSTK ,TITAN ,31AUG2023 , , ,TITAN23AUGFUT ,375,1, ,1156143.75,3083.05,375,1, ,1156143.75,3083.05, , , ,0, ,3103.85,0,0,,,2774.75 - 3391.40 , , ,2312287.5,750,2, ,NA ,0,,NA , , , , , , , ,3104
,,,,,----------- ,----------- ,----------- ,----------- ,----------- ,----------- ,----------- ,----------- ,----------- ,----------- ,----------- ,----------- ,----------- ,----------- ,----------- ,----------- ,----------- ,----------- ,----------- ,----------- ,----------- ,----------- ,----------- ,----------- ,----------- ,,,----------- , , ,----------- ,----------- ,----------- ,----------- ,----------- ,----------- ,,----------- ,----------- ,----------- ,----------- ,----------- ,----------- ,s, ,
,,,,,(ALL) ,(ALL) ,(ALL) ,(ALL) ,(ALL) ,(ALL) ,(ALL) ,632725,17583,0,237728057, ,654065,19061,0,187482578, ,-21340,-1478,0,-50245479, , ,50786181.5,540702.5,,,(ALL) , , ,425210635,1286790,36644,0,NA ,540702.5,-50245479,(ALL) ,(ALL) ,(ALL) ,(ALL) , ,0,0, ,
